vote_id,boletin,fecha,tipo_votacion,resultado,quorum,sesion_id,sesion_numero,descripcion_articulo,contexto_tramite
38030,,,,,,,,,
32713,,,,,,,,,
32712,,,,,,,,,
32711,,,,,,,,,
32710,,,,,,,,,
32709,,,,,,,,,
32708,,,,,,,,,
32707,,,,,,,,,
32706,,,,,,,,,
32705,,,,,,,,,
32704,,,,,,,,,
32703,,,,,,,,,
32702,,,,,,,,,
32701,,,,,,,,,
32700,,,,,,,,,
32699,,,,,,,,,
32698,,,,,,,,,
32697,,,,,,,,,
32696,,,,,,,,,
32695,,,,,,,,,
32694,,,,,,,,,
81851,,,,,,,,,
52755,,,,,,,,,
52754,,,,,,,,,
52753,,,,,,,,,
52752,,,,,,,,,
52751,,,,,,,,,
52750,,,,,,,,,
20611,,,,,,,,,
35768,,,,,,,,,
22248,,,,,,,,,
22247,,,,,,,,,
22246,,,,,,,,,
22245,,,,,,,,,
22244,,,,,,,,,
52749,,,,,,,,,
22223,,,,,,,,,
23950,,,,,,,,,
24035,,,,,,,,,
24034,,,,,,,,,
24033,,,,,,,,,
24032,,,,,,,,,
21565,,,,,,,,,
27173,,,,,,,,,
27172,,,,,,,,,
27571,,,,,,,,,
27570,,,,,,,,,
27569,,,,,,,,,
27568,,,,,,,,,
27567,,,,,,,,,
27566,,,,,,,,,
27565,,,,,,,,,
27161,,,,,,,,,
27160,,,,,,,,,
27159,,,,,,,,,
27158,,,,,,,,,
27157,,,,,,,,,
41150,,,,,,,,,
38517,,,,,,,,,
31216,,,,,,,,,
21550,,,,,,,,,
21549,,,,,,,,,
26704,,,,,,,,,
27175,,,,,,,,,
26837,,,,,,,,,
38516,,,,,,,,,
30111,,,,,,,,,
30110,,,,,,,,,
30109,,,,,,,,,
26889,,,,,,,,,
22830,,,,,,,,,
23947,,,,,,,,,
23946,,,,,,,,,
32396,,,,,,,,,
42047,,,,,,,,,
82441,,,,,,,,,
82440,,,,,,,,,
52547,,,,,,,,,
52564,,,,,,,,,
52571,,,,,,,,,
52557,,,,,,,,,
52570,,,,,,,,,
52701,,,,,,,,,
52555,,,,,,,,,
52574,,,,,,,,,
52605,,,,,,,,,
52720,,,,,,,,,
29046,,,,,,,,,
28746,,,,,,,,,
22843,,,,,,,,,
42128,,,,,,,,,
42126,,,,,,,,,
42125,,,,,,,,,
42124,,,,,,,,,
42123,,,,,,,,,
42122,,,,,,,,,
42121,,,,,,,,,
31232,,,,,,,,,
31231,,,,,,,,,
31230,,,,,,,,,
31229,,,,,,,,,
31228,,,,,,,,,
31227,,,,,,,,,
31226,,,,,,,,,
40053,,,,,,,,,
30108,,,,,,,,,
30107,,,,,,,,,
30106,,,,,,,,,
30105,,,,,,,,,
30104,,,,,,,,,
30103,,,,,,,,,
30102,,,,,,,,,
30101,,,,,,,,,
30100,,,,,,,,,
40534,,,,,,,,,
39063,,,,,,,,,
31093,,,,,,,,,
52561,,,,,,,,,
42728,,,,,,,,,
42727,,,,,,,,,
42726,,,,,,,,,
42725,,,,,,,,,
27755,,,,,,,,,
34097,,,,,,,,,
31719,,,,,,,,,
31718,,,,,,,,,
31717,,,,,,,,,
31716,,,,,,,,,
21918,,,,,,,,,
36447,,,,,,,,,
36446,,,,,,,,,
36445,,,,,,,,,
31094,,,,,,,,,
36399,,,,,,,,,
29017,,,,,,,,,
28428,,,,,,,,,
41130,,,,,,,,,
36891,,,,,,,,,
36890,,,,,,,,,
36889,,,,,,,,,
36888,,,,,,,,,
36887,,,,,,,,,
36886,,,,,,,,,
36885,,,,,,,,,
36884,,,,,,,,,
29045,,,,,,,,,
29044,,,,,,,,,
34099,,,,,,,,,
31395,,,,,,,,,
31394,,,,,,,,,
31393,,,,,,,,,
31392,,,,,,,,,
31391,,,,,,,,,
31390,,,,,,,,,
31389,,,,,,,,,
31388,,,,,,,,,
31387,,,,,,,,,
31386,,,,,,,,,
31385,,,,,,,,,
23952,,,,,,,,,
27756,,,,,,,,,
26041,,,,,,,,,
26040,,,,,,,,,
26039,,,,,,,,,
26038,,,,,,,,,
26037,,,,,,,,,
26036,,,,,,,,,
21242,,,,,,,,,
21241,,,,,,,,,
21240,,,,,,,,,
21239,,,,,,,,,
21238,,,,,,,,,
21237,,,,,,,,,
21236,,,,,,,,,
36869,,,,,,,,,
28913,,,,,,,,,
41564,,,,,,,,,
41563,,,,,,,,,
40535,,,,,,,,,
27419,,,,,,,,,
27418,,,,,,,,,
27417,,,,,,,,,
27416,,,,,,,,,
27415,,,,,,,,,
27414,,,,,,,,,
27754,,,,,,,,,
29042,,,,,,,,,
36428,,,,,,,,,
36427,,,,,,,,,
21250,,,,,,,,,
39821,,,,,,,,,
34245,,,,,,,,,
34244,,,,,,,,,
34243,,,,,,,,,
34242,,,,,,,,,
34241,,,,,,,,,
34240,,,,,,,,,
34239,,,,,,,,,
34238,,,,,,,,,
34237,,,,,,,,,
34236,,,,,,,,,
34235,,,,,,,,,
34234,,,,,,,,,
34233,,,,,,,,,
34232,,,,,,,,,
34231,,,,,,,,,
34230,,,,,,,,,
34229,,,,,,,,,
34228,,,,,,,,,
34227,,,,,,,,,
34226,,,,,,,,,
34225,,,,,,,,,
34224,,,,,,,,,
34223,,,,,,,,,
34222,,,,,,,,,
34221,,,,,,,,,
34220,,,,,,,,,
34219,,,,,,,,,
34218,,,,,,,,,
34217,,,,,,,,,
34259,,,,,,,,,
34258,,,,,,,,,
34257,,,,,,,,,
34256,,,,,,,,,
21536,,,,,,,,,
21535,,,,,,,,,
21534,,,,,,,,,
24696,,,,,,,,,
24695,,,,,,,,,
24694,,,,,,,,,
24693,,,,,,,,,
24692,,,,,,,,,
26225,,,,,,,,,
26224,,,,,,,,,
26223,,,,,,,,,
24691,,,,,,,,,
38548,,,,,,,,,
23951,,,,,,,,,
22255,,,,,,,,,
22254,,,,,,,,,
26515,,,,,,,,,
40536,,,,,,,,,
26514,,,,,,,,,
31379,,,,,,,,,
39814,,,,,,,,,
39813,,,,,,,,,
39812,,,,,,,,,
39811,,,,,,,,,
39810,,,,,,,,,
39809,,,,,,,,,
39808,,,,,,,,,
39807,,,,,,,,,
39806,,,,,,,,,
39222,,,,,,,,,
39221,,,,,,,,,
39220,,,,,,,,,
29556,,,,,,,,,
29555,,,,,,,,,
29554,,,,,,,,,
29553,,,,,,,,,
28938,,,,,,,,,
28937,,,,,,,,,
28936,,,,,,,,,
28935,,,,,,,,,
28934,,,,,,,,,
28933,,,,,,,,,
28932,,,,,,,,,
28931,,,,,,,,,
28930,,,,,,,,,
28929,,,,,,,,,
28928,,,,,,,,,
28927,,,,,,,,,
28926,,,,,,,,,
28925,,,,,,,,,
39876,,,,,,,,,
39875,,,,,,,,,
39874,,,,,,,,,
39873,,,,,,,,,
39872,,,,,,,,,
39871,,,,,,,,,
39870,,,,,,,,,
39869,,,,,,,,,
39868,,,,,,,,,
39867,,,,,,,,,
39866,,,,,,,,,
39865,,,,,,,,,
39864,,,,,,,,,
39863,,,,,,,,,
39862,,,,,,,,,
39861,,,,,,,,,
39860,,,,,,,,,
39859,,,,,,,,,
39858,,,,,,,,,
39857,,,,,,,,,
39856,,,,,,,,,
39855,,,,,,,,,
39854,,,,,,,,,
39853,,,,,,,,,
39852,,,,,,,,,
31249,,,,,,,,,
24675,,,,,,,,,
29570,,,,,,,,,
29569,,,,,,,,,
29568,,,,,,,,,
29567,,,,,,,,,
29566,,,,,,,,,
24674,,,,,,,,,
24673,,,,,,,,,
24672,,,,,,,,,
24671,,,,,,,,,
39362,,,,,,,,,
39212,,,,,,,,,
39211,,,,,,,,,
39210,,,,,,,,,
39209,,,,,,,,,
39208,,,,,,,,,
39207,,,,,,,,,
39206,,,,,,,,,
30452,,,,,,,,,
30451,,,,,,,,,
30450,,,,,,,,,
30449,,,,,,,,,
30448,,,,,,,,,
30447,,,,,,,,,
30446,,,,,,,,,
30445,,,,,,,,,
30444,,,,,,,,,
29777,,,,,,,,,
29776,,,,,,,,,
29775,,,,,,,,,
29774,,,,,,,,,
29773,,,,,,,,,
29772,,,,,,,,,
29771,,,,,,,,,
29770,,,,,,,,,
29769,,,,,,,,,
29768,,,,,,,,,
29767,,,,,,,,,
29766,,,,,,,,,
29765,,,,,,,,,
29764,,,,,,,,,
29763,,,,,,,,,
29762,,,,,,,,,
29761,,,,,,,,,
25243,,,,,,,,,
31244,,,,,,,,,
24657,,,,,,,,,
24656,,,,,,,,,
24654,,,,,,,,,
24653,,,,,,,,,
24650,,,,,,,,,
24649,,,,,,,,,
24648,,,,,,,,,
24647,,,,,,,,,
24646,,,,,,,,,
24643,,,,,,,,,
39504,,,,,,,,,
39503,,,,,,,,,
39502,,,,,,,,,
39501,,,,,,,,,
39500,,,,,,,,,
39499,,,,,,,,,
39498,,,,,,,,,
39497,,,,,,,,,
39496,,,,,,,,,
39495,,,,,,,,,
39494,,,,,,,,,
39493,,,,,,,,,
39492,,,,,,,,,
39491,,,,,,,,,
39490,,,,,,,,,
39489,,,,,,,,,
39488,,,,,,,,,
39487,,,,,,,,,
39486,,,,,,,,,
39485,,,,,,,,,
39484,,,,,,,,,
39483,,,,,,,,,
34917,,,,,,,,,
34916,,,,,,,,,
34915,,,,,,,,,
34914,,,,,,,,,
34913,,,,,,,,,
34912,,,,,,,,,
34911,,,,,,,,,
34910,,,,,,,,,
34909,,,,,,,,,
34908,,,,,,,,,
34907,,,,,,,,,
34906,,,,,,,,,
34905,,,,,,,,,
34904,,,,,,,,,
34903,,,,,,,,,
34902,,,,,,,,,
34901,,,,,,,,,
34900,,,,,,,,,
34899,,,,,,,,,
34898,,,,,,,,,
34897,,,,,,,,,
29760,,,,,,,,,
29759,,,,,,,,,
29758,,,,,,,,,
29757,,,,,,,,,
29756,,,,,,,,,
29755,,,,,,,,,
29754,,,,,,,,,
29753,,,,,,,,,
29752,,,,,,,,,
29751,,,,,,,,,
29750,,,,,,,,,
29749,,,,,,,,,
29748,,,,,,,,,
29747,,,,,,,,,
29746,,,,,,,,,
29745,,,,,,,,,
29744,,,,,,,,,
29743,,,,,,,,,
29742,,,,,,,,,
29741,,,,,,,,,
29740,,,,,,,,,
29739,,,,,,,,,
38546,,,,,,,,,
38545,,,,,,,,,
38544,,,,,,,,,
38543,,,,,,,,,
38542,,,,,,,,,
26017,,,,,,,,,
36874,,,,,,,,,
36873,,,,,,,,,
39804,,,,,,,,,
39803,,,,,,,,,
39802,,,,,,,,,
39801,,,,,,,,,
39800,,,,,,,,,
39799,,,,,,,,,
39798,,,,,,,,,
39797,,,,,,,,,
39796,,,,,,,,,
39795,,,,,,,,,
39794,,,,,,,,,
39793,,,,,,,,,
35609,,,,,,,,,
35608,,,,,,,,,
35606,,,,,,,,,
24642,,,,,,,,,
24641,,,,,,,,,
24640,,,,,,,,,
24126,,,,,,,,,
24125,,,,,,,,,
24124,,,,,,,,,
24123,,,,,,,,,
24122,,,,,,,,,
30886,,,,,,,,,
30885,,,,,,,,,
30884,,,,,,,,,
30883,,,,,,,,,
30882,,,,,,,,,
30881,,,,,,,,,
31694,,,,,,,,,
31693,,,,,,,,,
31692,,,,,,,,,
31691,,,,,,,,,
31690,,,,,,,,,
31688,,,,,,,,,
31687,,,,,,,,,
31686,,,,,,,,,
31685,,,,,,,,,
31684,,,,,,,,,
31683,,,,,,,,,
31682,,,,,,,,,
31681,,,,,,,,,
31680,,,,,,,,,
29738,,,,,,,,,
29737,,,,,,,,,
30880,,,,,,,,,
30879,,,,,,,,,
29445,,,,,,,,,
29444,,,,,,,,,
41114,,,,,,,,,
41113,,,,,,,,,
38541,,,,,,,,,
26849,,,,,,,,,
29736,,,,,,,,,
29735,,,,,,,,,
29097,,,,,,,,,
29096,,,,,,,,,
36410,,,,,,,,,
36409,,,,,,,,,
36408,,,,,,,,,
36407,,,,,,,,,
36406,,,,,,,,,
36405,,,,,,,,,
36404,,,,,,,,,
36403,,,,,,,,,
38540,,,,,,,,,
38539,,,,,,,,,
38538,,,,,,,,,
38537,,,,,,,,,
38536,,,,,,,,,
29095,,,,,,,,,
29094,,,,,,,,,
29093,,,,,,,,,
29092,,,,,,,,,
29091,,,,,,,,,
29443,,,,,,,,,
29442,,,,,,,,,
29441,,,,,,,,,
29440,,,,,,,,,
29439,,,,,,,,,
29438,,,,,,,,,
29437,,,,,,,,,
29436,,,,,,,,,
29089,,,,,,,,,
29088,,,,,,,,,
29087,,,,,,,,,
24121,,,,,,,,,
35794,,,,,,,,,
24120,,,,,,,,,
24119,,,,,,,,,
24118,,,,,,,,,
24117,,,,,,,,,
24116,,,,,,,,,
31679,,,,,,,,,
31678,,,,,,,,,
31677,,,,,,,,,
31676,,,,,,,,,
31675,,,,,,,,,
26848,,,,,,,,,
26847,,,,,,,,,
27905,,,,,,,,,
27904,,,,,,,,,
27903,,,,,,,,,
27902,,,,,,,,,
27901,,,,,,,,,
27900,,,,,,,,,
27899,,,,,,,,,
35793,,,,,,,,,
35792,,,,,,,,,
35791,,,,,,,,,
35790,,,,,,,,,
35789,,,,,,,,,
35788,,,,,,,,,
35787,,,,,,,,,
35786,,,,,,,,,
29086,,,,,,,,,
29085,,,,,,,,,
29084,,,,,,,,,
29083,,,,,,,,,
24115,,,,,,,,,
24114,,,,,,,,,
24113,,,,,,,,,
24112,,,,,,,,,
32027,,,,,,,,,
32026,,,,,,,,,
32025,,,,,,,,,
32024,,,,,,,,,
32023,,,,,,,,,
32022,,,,,,,,,
32021,,,,,,,,,
32020,,,,,,,,,
32019,,,,,,,,,
32018,,,,,,,,,
32017,,,,,,,,,
32016,,,,,,,,,
32015,,,,,,,,,
32014,,,,,,,,,
32013,,,,,,,,,
32012,,,,,,,,,
32011,,,,,,,,,
32010,,,,,,,,,
32009,,,,,,,,,
32008,,,,,,,,,
32007,,,,,,,,,
32006,,,,,,,,,
32005,,,,,,,,,
32004,,,,,,,,,
32003,,,,,,,,,
32002,,,,,,,,,
32001,,,,,,,,,
32000,,,,,,,,,
31999,,,,,,,,,
31998,,,,,,,,,
26843,,,,,,,,,
26846,,,,,,,,,
26842,,,,,,,,,
26841,,,,,,,,,
31997,,,,,,,,,
31996,,,,,,,,,
31995,,,,,,,,,
31994,,,,,,,,,
32826,,,,,,,,,
32825,,,,,,,,,
32824,,,,,,,,,
32823,,,,,,,,,
32822,,,,,,,,,
31239,,,,,,,,,
24111,,,,,,,,,
24110,,,,,,,,,
24109,,,,,,,,,
24108,,,,,,,,,
24107,,,,,,,,,
24106,,,,,,,,,
22565,,,,,,,,,
22564,,,,,,,,,
22563,,,,,,,,,
31238,,,,,,,,,
31237,,,,,,,,,
21193,,,,,,,,,
24664,,,,,,,,,
20621,,,,,,,,,
20620,,,,,,,,,
20619,,,,,,,,,
39845,,,,,,,,,
39844,,,,,,,,,
39843,,,,,,,,,
39842,,,,,,,,,
38549,,,,,,,,,
30443,,,,,,,,,
28919,,,,,,,,,
24097,,,,,,,,,
24096,,,,,,,,,
30442,,,,,,,,,
24095,,,,,,,,,
30441,,,,,,,,,
30440,,,,,,,,,
30439,,,,,,,,,
24043,,,,,,,,,
30438,,,,,,,,,
30437,,,,,,,,,
36872,,,,,,,,,
37376,,,,,,,,,
36871,,,,,,,,,
24094,,,,,,,,,
35782,,,,,,,,,
35781,,,,,,,,,
29055,,,,,,,,,
28745,,,,,,,,,
28744,,,,,,,,,
28743,,,,,,,,,
24050,,,,,,,,,
28027,,,,,,,,,
29041,,,,,,,,,
29040,,,,,,,,,
29039,,,,,,,,,
34092,,,,,,,,,
34091,,,,,,,,,
34090,,,,,,,,,
34089,,,,,,,,,
34088,,,,,,,,,
34087,,,,,,,,,
31258,,,,,,,,,
31257,,,,,,,,,
34086,,,,,,,,,
34085,,,,,,,,,
34084,,,,,,,,,
34083,,,,,,,,,
39836,,,,,,,,,
39835,,,,,,,,,
22855,,,,,,,,,
22854,,,,,,,,,
31225,,,,,,,,,
31224,,,,,,,,,
31223,,,,,,,,,
31222,,,,,,,,,
31221,,,,,,,,,
31220,,,,,,,,,
24262,,,,,,,,,
24081,,,,,,,,,
20544,,,,,,,,,
24080,,,,,,,,,
24079,,,,,,,,,
24078,,,,,,,,,
27156,,,,,,,,,
31096,,,,,,,,,
31095,,,,,,,,,
41690,,,,,,,,,
32386,,,,,,,,,
32385,,,,,,,,,
32384,,,,,,,,,
32383,,,,,,,,,
32382,,,,,,,,,
32381,,,,,,,,,
32380,,,,,,,,,
32379,,,,,,,,,
32378,,,,,,,,,
28741,,,,,,,,,
28740,,,,,,,,,
28739,,,,,,,,,
28738,,,,,,,,,
28737,,,,,,,,,
28736,,,,,,,,,
24255,,,,,,,,,
24254,,,,,,,,,
24253,,,,,,,,,
30430,,,,,,,,,
28429,,,,,,,,,
22847,,,,,,,,,
22846,,,,,,,,,
22845,,,,,,,,,
22844,,,,,,,,,
24031,,,,,,,,,
24030,,,,,,,,,
36423,,,,,,,,,
24068,,,,,,,,,
29054,,,,,,,,,
21557,,,,,,,,,
21556,,,,,,,,,
21555,,,,,,,,,
35769,,,,,,,,,
27776,,,,,,,,,
35767,,,,,,,,,
35766,,,,,,,,,
35765,,,,,,,,,
32819,,,,,,,,,
29038,,,,,,,,,
21544,,,,,,,,,
40533,,,,,,,,,
40532,,,,,,,,,
40531,,,,,,,,,
40530,,,,,,,,,
40529,,,,,,,,,
40528,,,,,,,,,
40527,,,,,,,,,
40526,,,,,,,,,
31215,,,,,,,,,
42074,,,,,,,,,
42073,,,,,,,,,
24063,,,,,,,,,
24062,,,,,,,,,
24061,,,,,,,,,
30115,,,,,,,,,
24042,,,,,,,,,
30114,,,,,,,,,
30113,,,,,,,,,
20538,,,,,,,,,
22832,,,,,,,,,
22831,,,,,,,,,
24543,,,,,,,,,
24542,,,,,,,,,
24541,,,,,,,,,
28420,,,,,,,,,
28419,,,,,,,,,
37378,,,,,,,,,
28418,,,,,,,,,
28417,,,,,,,,,
28416,,,,,,,,,
28415,,,,,,,,,
32818,,,,,,,,,
27768,,,,,,,,,
39839,,,,,,,,,
24052,,,,,,,,,
24051,,,,,,,,,
24049,,,,,,,,,
20537,,,,,,,,,
24041,,,,,,,,,
37377,,,,,,,,,
31901,,,,,,,,,
31900,,,,,,,,,
39361,,,,,,,,,
39360,,,,,,,,,
39359,,,,,,,,,
39358,,,,,,,,,
39357,,,,,,,,,
39356,,,,,,,,,
39355,,,,,,,,,
31899,,,,,,,,,
31898,,,,,,,,,
31897,,,,,,,,,
31896,,,,,,,,,
31895,,,,,,,,,
31894,,,,,,,,,
31893,,,,,,,,,
31892,,,,,,,,,
31891,,,,,,,,,
29542,,,,,,,,,
29541,,,,,,,,,
29540,,,,,,,,,
29539,,,,,,,,,
29538,,,,,,,,,
38506,,,,,,,,,
26222,,,,,,,,,
26221,,,,,,,,,
36394,,,,,,,,,
26220,,,,,,,,,
29734,,,,,,,,,
24575,,,,,,,,,
29733,,,,,,,,,
29732,,,,,,,,,
36401,,,,,,,,,
36400,,,,,,,,,
40863,,,,,,,,,
40862,,,,,,,,,
40861,,,,,,,,,
40860,,,,,,,,,
40859,,,,,,,,,
40858,,,,,,,,,
40857,,,,,,,,,
40856,,,,,,,,,
40855,,,,,,,,,
40854,,,,,,,,,
40853,,,,,,,,,
40852,,,,,,,,,
40851,,,,,,,,,
40850,,,,,,,,,
40849,,,,,,,,,
40848,,,,,,,,,
40847,,,,,,,,,
36393,,,,,,,,,
36392,,,,,,,,,
36391,,,,,,,,,
36390,,,,,,,,,
36389,,,,,,,,,
36388,,,,,,,,,
36387,,,,,,,,,
28915,,,,,,,,,
36867,,,,,,,,,
28914,,,,,,,,,
28912,,,,,,,,,
37380,,,,,,,,,
29536,,,,,,,,,
29535,,,,,,,,,
29534,,,,,,,,,
29533,,,,,,,,,
29532,,,,,,,,,
29531,,,,,,,,,
29530,,,,,,,,,
29529,,,,,,,,,
29528,,,,,,,,,
29527,,,,,,,,,
26494,,,,,,,,,
27770,,,,,,,,,
27769,,,,,,,,,
27767,,,,,,,,,
31365,,,,,,,,,
23444,,,,,,,,,
41021,,,,,,,,,
41020,,,,,,,,,
36857,,,,,,,,,
24875,,,,,,,,,
41019,,,,,,,,,
41018,,,,,,,,,
41017,,,,,,,,,
41016,,,,,,,,,
28911,,,,,,,,,
28910,,,,,,,,,
28909,,,,,,,,,
28908,,,,,,,,,
28907,,,,,,,,,
28906,,,,,,,,,
28905,,,,,,,,,
28904,,,,,,,,,
28903,,,,,,,,,
28902,,,,,,,,,
28901,,,,,,,,,
37372,,,,,,,,,
37371,,,,,,,,,
30877,,,,,,,,,
30876,,,,,,,,,
22230,,,,,,,,,
22229,,,,,,,,,
30774,,,,,,,,,
22824,,,,,,,,,
22823,,,,,,,,,
27558,,,,,,,,,
31373,,,,,,,,,
31372,,,,,,,,,
31371,,,,,,,,,
31370,,,,,,,,,
31369,,,,,,,,,
31368,,,,,,,,,
31367,,,,,,,,,
31366,,,,,,,,,
36855,,,,,,,,,
23436,,,,,,,,,
27753,,,,,,,,,
39837,,,,,,,,,
30943,,,,,,,,,
30942,,,,,,,,,
31253,,,,,,,,,
23212,,,,,,,,,
27943,,,,,,,,,
27942,,,,,,,,,
27941,,,,,,,,,
27940,,,,,,,,,
27939,,,,,,,,,
30920,,,,,,,,,
30919,,,,,,,,,
30918,,,,,,,,,
30917,,,,,,,,,
30916,,,,,,,,,
30915,,,,,,,,,
40718,,,,,,,,,
40717,,,,,,,,,
40716,,,,,,,,,
40715,,,,,,,,,
40714,,,,,,,,,
40713,,,,,,,,,
40712,,,,,,,,,
40711,,,,,,,,,
40710,,,,,,,,,
40709,,,,,,,,,
40708,,,,,,,,,
40707,,,,,,,,,
40706,,,,,,,,,
24904,,,,,,,,,
24903,,,,,,,,,
24902,,,,,,,,,
24901,,,,,,,,,
24900,,,,,,,,,
27600,,,,,,,,,
28059,,,,,,,,,
28058,,,,,,,,,
42049,,,,,,,,,
28057,,,,,,,,,
25515,,,,,,,,,
24921,,,,,,,,,
40702,,,,,,,,,
40701,,,,,,,,,
40700,,,,,,,,,
40699,,,,,,,,,
38064,,,,,,,,,
38063,,,,,,,,,
38062,,,,,,,,,
38061,,,,,,,,,
38060,,,,,,,,,
38059,,,,,,,,,
39384,,,,,,,,,
29572,,,,,,,,,
25540,,,,,,,,,
25539,,,,,,,,,
25538,,,,,,,,,
25537,,,,,,,,,
25536,,,,,,,,,
25535,,,,,,,,,
25534,,,,,,,,,
25533,,,,,,,,,
25532,,,,,,,,,
25531,,,,,,,,,
25530,,,,,,,,,
25529,,,,,,,,,
25528,,,,,,,,,
42390,,,,,,,,,
42389,,,,,,,,,
38047,,,,,,,,,
38046,,,,,,,,,
38045,,,,,,,,,
38044,,,,,,,,,
38043,,,,,,,,,
38042,,,,,,,,,
38041,,,,,,,,,
38040,,,,,,,,,
38031,,,,,,,,,
23211,,,,,,,,,
32347,,,,,,,,,
32346,,,,,,,,,
32345,,,,,,,,,
32344,,,,,,,,,
32343,,,,,,,,,
32342,,,,,,,,,
32341,,,,,,,,,
32340,,,,,,,,,
32339,,,,,,,,,
32338,,,,,,,,,
32337,,,,,,,,,
32336,,,,,,,,,
32335,,,,,,,,,
32334,,,,,,,,,
32333,,,,,,,,,
32332,,,,,,,,,
32331,,,,,,,,,
32330,,,,,,,,,
32329,,,,,,,,,
32328,,,,,,,,,
32327,,,,,,,,,
32326,,,,,,,,,
32325,,,,,,,,,
32324,,,,,,,,,
31751,,,,,,,,,
31750,,,,,,,,,
31749,,,,,,,,,
31748,,,,,,,,,
31747,,,,,,,,,
31746,,,,,,,,,
31745,,,,,,,,,
31744,,,,,,,,,
31743,,,,,,,,,
31742,,,,,,,,,
31741,,,,,,,,,
31740,,,,,,,,,
31739,,,,,,,,,
31738,,,,,,,,,
31737,,,,,,,,,
31736,,,,,,,,,
31735,,,,,,,,,
31734,,,,,,,,,
31733,,,,,,,,,
36282,,,,,,,,,
36281,,,,,,,,,
36280,,,,,,,,,
32350,,,,,,,,,
36279,,,,,,,,,
36278,,,,,,,,,
36277,,,,,,,,,
36276,,,,,,,,,
36275,,,,,,,,,
36274,,,,,,,,,
36273,,,,,,,,,
34936,,,,,,,,,
34935,,,,,,,,,
34933,,,,,,,,,
34932,,,,,,,,,
34931,,,,,,,,,
32349,,,,,,,,,
34930,,,,,,,,,
34929,,,,,,,,,
34928,,,,,,,,,
34927,,,,,,,,,
34926,,,,,,,,,
36759,,,,,,,,,
36758,,,,,,,,,
36757,,,,,,,,,
36756,,,,,,,,,
36755,,,,,,,,,
36754,,,,,,,,,
36753,,,,,,,,,
36752,,,,,,,,,
36751,,,,,,,,,
36750,,,,,,,,,
36749,,,,,,,,,
36748,,,,,,,,,
36747,,,,,,,,,
36746,,,,,,,,,
36745,,,,,,,,,
36744,,,,,,,,,
36743,,,,,,,,,
36742,,,,,,,,,
36741,,,,,,,,,
36740,,,,,,,,,
24601,,,,,,,,,
24600,,,,,,,,,
24599,,,,,,,,,
24597,,,,,,,,,
24596,,,,,,,,,
24595,,,,,,,,,
24594,,,,,,,,,
24593,,,,,,,,,
24592,,,,,,,,,
24591,,,,,,,,,
24589,,,,,,,,,
24588,,,,,,,,,
24587,,,,,,,,,
24586,,,,,,,,,
24585,,,,,,,,,
24584,,,,,,,,,
24583,,,,,,,,,
24582,,,,,,,,,
24581,,,,,,,,,
24580,,,,,,,,,
24579,,,,,,,,,
24578,,,,,,,,,
24577,,,,,,,,,
23612,,,,,,,,,
23611,,,,,,,,,
23610,,,,,,,,,
23609,,,,,,,,,
23608,,,,,,,,,
23606,,,,,,,,,
23605,,,,,,,,,
23604,,,,,,,,,
23603,,,,,,,,,
23602,,,,,,,,,
23601,,,,,,,,,
23600,,,,,,,,,
23599,,,,,,,,,
23598,,,,,,,,,
23597,,,,,,,,,
23596,,,,,,,,,
23595,,,,,,,,,
23594,,,,,,,,,
23593,,,,,,,,,
23592,,,,,,,,,
23591,,,,,,,,,
23590,,,,,,,,,
23589,,,,,,,,,
36272,,,,,,,,,
36271,,,,,,,,,
36270,,,,,,,,,
36269,,,,,,,,,
36268,,,,,,,,,
36267,,,,,,,,,
36266,,,,,,,,,
36265,,,,,,,,,
36264,,,,,,,,,
36263,,,,,,,,,
36262,,,,,,,,,
36261,,,,,,,,,
36260,,,,,,,,,
36259,,,,,,,,,
36258,,,,,,,,,
36257,,,,,,,,,
36256,,,,,,,,,
36255,,,,,,,,,
36254,,,,,,,,,
36253,,,,,,,,,
36252,,,,,,,,,
36251,,,,,,,,,
36250,,,,,,,,,
36249,,,,,,,,,
36248,,,,,,,,,
36247,,,,,,,,,
36246,,,,,,,,,
36245,,,,,,,,,
36244,,,,,,,,,
36243,,,,,,,,,
36242,,,,,,,,,
36241,,,,,,,,,
36240,,,,,,,,,
36239,,,,,,,,,
36238,,,,,,,,,
36237,,,,,,,,,
36236,,,,,,,,,
36235,,,,,,,,,
36234,,,,,,,,,
35627,,,,,,,,,
35626,,,,,,,,,
35625,,,,,,,,,
35624,,,,,,,,,
35623,,,,,,,,,
35622,,,,,,,,,
35621,,,,,,,,,
35620,,,,,,,,,
35619,,,,,,,,,
35618,,,,,,,,,
35617,,,,,,,,,
35616,,,,,,,,,
35615,,,,,,,,,
35614,,,,,,,,,
35613,,,,,,,,,
32323,,,,,,,,,
32322,,,,,,,,,
32321,,,,,,,,,
32320,,,,,,,,,
35612,,,,,,,,,
35611,,,,,,,,,
36738,,,,,,,,,
36737,,,,,,,,,
28056,,,,,,,,,
28055,,,,,,,,,
28054,,,,,,,,,
28053,,,,,,,,,
36736,,,,,,,,,
36735,,,,,,,,,
36734,,,,,,,,,
23588,,,,,,,,,
23587,,,,,,,,,
23586,,,,,,,,,
23585,,,,,,,,,
23584,,,,,,,,,
23583,,,,,,,,,
23582,,,,,,,,,
23581,,,,,,,,,
23580,,,,,,,,,
23579,,,,,,,,,
23578,,,,,,,,,
23577,,,,,,,,,
23576,,,,,,,,,
23575,,,,,,,,,
32351,,,,,,,,,
36732,,,,,,,,,
36731,,,,,,,,,
36730,,,,,,,,,
36729,,,,,,,,,
36728,,,,,,,,,
36727,,,,,,,,,
36726,,,,,,,,,
36725,,,,,,,,,
36724,,,,,,,,,
36723,,,,,,,,,
36722,,,,,,,,,
36126,,,,,,,,,
36125,,,,,,,,,
36124,,,,,,,,,
36123,,,,,,,,,
36122,,,,,,,,,
36121,,,,,,,,,
36120,,,,,,,,,
36119,,,,,,,,,
36118,,,,,,,,,
36117,,,,,,,,,
36116,,,,,,,,,
36115,,,,,,,,,
36114,,,,,,,,,
36113,,,,,,,,,
36112,,,,,,,,,
40696,,,,,,,,,
40695,,,,,,,,,
40694,,,,,,,,,
40693,,,,,,,,,
40692,,,,,,,,,
40691,,,,,,,,,
40690,,,,,,,,,
40689,,,,,,,,,
40688,,,,,,,,,
40687,,,,,,,,,
40686,,,,,,,,,
40685,,,,,,,,,
40684,,,,,,,,,
40683,,,,,,,,,
40682,,,,,,,,,
40681,,,,,,,,,
40680,,,,,,,,,
40679,,,,,,,,,
40678,,,,,,,,,
40677,,,,,,,,,
40676,,,,,,,,,
22914,,,,,,,,,
22913,,,,,,,,,
22912,,,,,,,,,
22911,,,,,,,,,
22910,,,,,,,,,
22909,,,,,,,,,
38053,,,,,,,,,
38050,,,,,,,,,
29607,,,,,,,,,
29606,,,,,,,,,
29605,,,,,,,,,
29604,,,,,,,,,
27935,,,,,,,,,
27934,,,,,,,,,
27933,,,,,,,,,
27932,,,,,,,,,
27212,,,,,,,,,
27211,,,,,,,,,
27210,,,,,,,,,
27209,,,,,,,,,
27208,,,,,,,,,
27207,,,,,,,,,
27206,,,,,,,,,
27205,,,,,,,,,
33744,,,,,,,,,
33743,,,,,,,,,
33742,,,,,,,,,
33741,,,,,,,,,
33740,,,,,,,,,
33739,,,,,,,,,
33738,,,,,,,,,
33737,,,,,,,,,
33736,,,,,,,,,
33735,,,,,,,,,
33734,,,,,,,,,
33733,,,,,,,,,
33732,,,,,,,,,
33731,,,,,,,,,
33730,,,,,,,,,
23203,,,,,,,,,
23202,,,,,,,,,
23201,,,,,,,,,
30914,,,,,,,,,
30913,,,,,,,,,
30912,,,,,,,,,
30911,,,,,,,,,
30910,,,,,,,,,
30909,,,,,,,,,
30908,,,,,,,,,
30907,,,,,,,,,
30906,,,,,,,,,
30905,,,,,,,,,
30904,,,,,,,,,
30903,,,,,,,,,
23572,,,,,,,,,
23571,,,,,,,,,
23570,,,,,,,,,
23569,,,,,,,,,
23568,,,,,,,,,
23567,,,,,,,,,
23566,,,,,,,,,
23565,,,,,,,,,
33729,,,,,,,,,
33728,,,,,,,,,
36110,,,,,,,,,
36109,,,,,,,,,
36108,,,,,,,,,
36107,,,,,,,,,
36106,,,,,,,,,
36105,,,,,,,,,
35469,,,,,,,,,
35468,,,,,,,,,
35467,,,,,,,,,
35466,,,,,,,,,
35465,,,,,,,,,
35464,,,,,,,,,
35463,,,,,,,,,
35462,,,,,,,,,
35461,,,,,,,,,
27931,,,,,,,,,
27930,,,,,,,,,
27929,,,,,,,,,
27928,,,,,,,,,
27927,,,,,,,,,
27926,,,,,,,,,
27925,,,,,,,,,
23564,,,,,,,,,
23563,,,,,,,,,
23562,,,,,,,,,
23561,,,,,,,,,
23560,,,,,,,,,
22908,,,,,,,,,
22907,,,,,,,,,
26563,,,,,,,,,
26562,,,,,,,,,
26561,,,,,,,,,
26560,,,,,,,,,
26559,,,,,,,,,
26558,,,,,,,,,
27924,,,,,,,,,
27923,,,,,,,,,
27922,,,,,,,,,
27921,,,,,,,,,
27920,,,,,,,,,
26904,,,,,,,,,
27204,,,,,,,,,
27203,,,,,,,,,
27202,,,,,,,,,
27201,,,,,,,,,
27200,,,,,,,,,
27199,,,,,,,,,
27198,,,,,,,,,
27197,,,,,,,,,
27196,,,,,,,,,
27195,,,,,,,,,
26734,,,,,,,,,
26733,,,,,,,,,
26732,,,,,,,,,
26731,,,,,,,,,
26730,,,,,,,,,
26729,,,,,,,,,
26728,,,,,,,,,
26727,,,,,,,,,
26726,,,,,,,,,
26725,,,,,,,,,
26724,,,,,,,,,
26723,,,,,,,,,
26722,,,,,,,,,
26721,,,,,,,,,
26720,,,,,,,,,
26719,,,,,,,,,
26718,,,,,,,,,
26717,,,,,,,,,
26716,,,,,,,,,
26715,,,,,,,,,
26714,,,,,,,,,
26713,,,,,,,,,
26712,,,,,,,,,
26711,,,,,,,,,
26710,,,,,,,,,
26709,,,,,,,,,
26708,,,,,,,,,
26707,,,,,,,,,
26706,,,,,,,,,
26231,,,,,,,,,
26230,,,,,,,,,
25262,,,,,,,,,
25261,,,,,,,,,
25260,,,,,,,,,
25259,,,,,,,,,
25258,,,,,,,,,
23559,,,,,,,,,
23558,,,,,,,,,
23557,,,,,,,,,
23556,,,,,,,,,
35460,,,,,,,,,
35459,,,,,,,,,
35458,,,,,,,,,
35457,,,,,,,,,
35456,,,,,,,,,
35455,,,,,,,,,
35454,,,,,,,,,
35453,,,,,,,,,
35452,,,,,,,,,
34925,,,,,,,,,
34924,,,,,,,,,
22906,,,,,,,,,
22905,,,,,,,,,
22904,,,,,,,,,
22903,,,,,,,,,
22902,,,,,,,,,
22901,,,,,,,,,
22900,,,,,,,,,
40675,,,,,,,,,
40674,,,,,,,,,
40673,,,,,,,,,
40672,,,,,,,,,
40671,,,,,,,,,
40670,,,,,,,,,
40669,,,,,,,,,
40668,,,,,,,,,
40667,,,,,,,,,
35451,,,,,,,,,
35450,,,,,,,,,
35449,,,,,,,,,
24279,,,,,,,,,
24278,,,,,,,,,
24277,,,,,,,,,
24276,,,,,,,,,
24275,,,,,,,,,
24274,,,,,,,,,
24273,,,,,,,,,
24272,,,,,,,,,
24271,,,,,,,,,
26557,,,,,,,,,
26556,,,,,,,,,
26555,,,,,,,,,
26554,,,,,,,,,
26553,,,,,,,,,
26552,,,,,,,,,
26551,,,,,,,,,
26550,,,,,,,,,
26549,,,,,,,,,
26548,,,,,,,,,
26547,,,,,,,,,
26546,,,,,,,,,
26545,,,,,,,,,
26544,,,,,,,,,
27919,,,,,,,,,
27918,,,,,,,,,
35447,,,,,,,,,
35446,,,,,,,,,
35445,,,,,,,,,
35444,,,,,,,,,
35443,,,,,,,,,
35442,,,,,,,,,
35441,,,,,,,,,
35440,,,,,,,,,
35439,,,,,,,,,
35438,,,,,,,,,
35437,,,,,,,,,
35436,,,,,,,,,
35435,,,,,,,,,
35434,,,,,,,,,
35433,,,,,,,,,
34111,,,,,,,,,
34110,,,,,,,,,
34109,,,,,,,,,
34108,,,,,,,,,
34107,,,,,,,,,
34106,,,,,,,,,
34105,,,,,,,,,
34104,,,,,,,,,
34103,,,,,,,,,
34102,,,,,,,,,
34101,,,,,,,,,
32726,,,,,,,,,
32725,,,,,,,,,
32724,,,,,,,,,
32723,,,,,,,,,
32722,,,,,,,,,
32721,,,,,,,,,
32720,,,,,,,,,
32719,,,,,,,,,
27917,,,,,,,,,
32863,,,,,,,,,
32862,,,,,,,,,
32861,,,,,,,,,
32860,,,,,,,,,
32859,,,,,,,,,
32858,,,,,,,,,
32857,,,,,,,,,
25257,,,,,,,,,
25256,,,,,,,,,
37397,,,,,,,,,
37396,,,,,,,,,
37395,,,,,,,,,
37394,,,,,,,,,
37393,,,,,,,,,
36770,,,,,,,,,
34098,,,,,,,,,
36769,,,,,,,,,
28045,,,,,,,,,
33727,,,,,,,,,
36760,,,,,,,,,
32319,,,,,,,,,
32318,,,,,,,,,
32317,,,,,,,,,
32316,,,,,,,,,
32315,,,,,,,,,
32314,,,,,,,,,
32313,,,,,,,,,
32312,,,,,,,,,
32311,,,,,,,,,
32310,,,,,,,,,
32309,,,,,,,,,
32308,,,,,,,,,
32307,,,,,,,,,
32306,,,,,,,,,
32305,,,,,,,,,
32715,,,,,,,,,
32693,,,,,,,,,
26703,,,,,,,,,
23555,,,,,,,,,
23554,,,,,,,,,
39517,,,,,,,,,
39516,,,,,,,,,
25251,,,,,,,,,
32683,,,,,,,,,
32682,,,,,,,,,
32681,,,,,,,,,
23234,,,,,,,,,
26903,,,,,,,,,
23540,,,,,,,,,
23539,,,,,,,,,
27536,,,,,,,,,
23538,,,,,,,,,
22894,,,,,,,,,
32856,,,,,,,,,
32855,,,,,,,,,
32854,,,,,,,,,
32853,,,,,,,,,
33724,,,,,,,,,
33723,,,,,,,,,
33722,,,,,,,,,
33721,,,,,,,,,
33720,,,,,,,,,
32852,,,,,,,,,
22253,,,,,,,,,
22252,,,,,,,,,
25516,,,,,,,,,
25514,,,,,,,,,
22878,,,,,,,,,
32062,,,,,,,,,
41133,,,,,,,,,
41132,,,,,,,,,
41131,,,,,,,,,
23535,,,,,,,,,
23957,,,,,,,,,
22576,,,,,,,,,
22575,,,,,,,,,
22574,,,,,,,,,
22573,,,,,,,,,
24269,,,,,,,,,
32880,,,,,,,,,
24268,,,,,,,,,
24267,,,,,,,,,
24266,,,,,,,,,
24265,,,,,,,,,
21919,,,,,,,,,
24264,,,,,,,,,
32881,,,,,,,,,
32050,,,,,,,,,
32049,,,,,,,,,
32048,,,,,,,,,
40661,,,,,,,,,
41868,,,,,,,,,
40660,,,,,,,,,
23529,,,,,,,,,
33725,,,,,,,,,
23528,,,,,,,,,
23527,,,,,,,,,
37389,,,,,,,,,
37388,,,,,,,,,
37387,,,,,,,,,
37386,,,,,,,,,
37385,,,,,,,,,
23526,,,,,,,,,
39381,,,,,,,,,
39380,,,,,,,,,
39379,,,,,,,,,
39378,,,,,,,,,
27171,,,,,,,,,
27170,,,,,,,,,
39387,,,,,,,,,
39386,,,,,,,,,
27537,,,,,,,,,
27535,,,,,,,,,
27534,,,,,,,,,
27533,,,,,,,,,
31410,,,,,,,,,
31409,,,,,,,,,
31408,,,,,,,,,
27529,,,,,,,,,
23517,,,,,,,,,
22589,,,,,,,,,
22588,,,,,,,,,
29576,,,,,,,,,
29575,,,,,,,,,
40549,,,,,,,,,
40548,,,,,,,,,
40547,,,,,,,,,
27528,,,,,,,,,
27526,,,,,,,,,
27525,,,,,,,,,
41201,,,,,,,,,
41200,,,,,,,,,
31722,,,,,,,,,
41199,,,,,,,,,
41198,,,,,,,,,
26891,,,,,,,,,
36424,,,,,,,,,
32377,,,,,,,,,
26890,,,,,,,,,
24576,,,,,,,,,
24574,,,,,,,,,
24573,,,,,,,,,
24572,,,,,,,,,
34254,,,,,,,,,
39383,,,,,,,,,
39377,,,,,,,,,
39376,,,,,,,,,
39375,,,,,,,,,
39374,,,,,,,,,
39373,,,,,,,,,
39372,,,,,,,,,
39371,,,,,,,,,
39370,,,,,,,,,
39369,,,,,,,,,
39368,,,,,,,,,
39367,,,,,,,,,
39366,,,,,,,,,
39365,,,,,,,,,
39364,,,,,,,,,
38720,,,,,,,,,
38719,,,,,,,,,
26054,,,,,,,,,
38718,,,,,,,,,
38717,,,,,,,,,
38716,,,,,,,,,
38715,,,,,,,,,
41189,,,,,,,,,
37392,,,,,,,,,
37391,,,,,,,,,
37390,,,,,,,,,
26055,,,,,,,,,
26053,,,,,,,,,
22884,,,,,,,,,
22883,,,,,,,,,
41174,,,,,,,,,
41173,,,,,,,,,
39520,,,,,,,,,
39519,,,,,,,,,
39518,,,,,,,,,
27595,,,,,,,,,
27594,,,,,,,,,
34255,,,,,,,,,
34253,,,,,,,,,
31724,,,,,,,,,
31723,,,,,,,,,
31721,,,,,,,,,
42391,,,,,,,,,
31267,,,,,,,,,
31398,,,,,,,,,
31397,,,,,,,,,
22866,,,,,,,,,
22865,,,,,,,,,
22864,,,,,,,,,
21203,,,,,,,,,
31384,,,,,,,,,
31383,,,,,,,,,
37566,,,,,,,,,
21907,,,,,,,,,
21906,,,,,,,,,
41870,,,,,,,,,
21905,,,,,,,,,
21904,,,,,,,,,
21903,,,,,,,,,
27601,,,,,,,,,
28044,,,,,,,,,
28043,,,,,,,,,
28042,,,,,,,,,
28041,,,,,,,,,
28040,,,,,,,,,
28039,,,,,,,,,
27436,,,,,,,,,
40537,,,,,,,,,
41151,,,,,,,,,
41149,,,,,,,,,
41148,,,,,,,,,
41147,,,,,,,,,
41146,,,,,,,,,
41145,,,,,,,,,
41144,,,,,,,,,
41143,,,,,,,,,
38883,,,,,,,,,
41142,,,,,,,,,
31382,,,,,,,,,
31381,,,,,,,,,
26046,,,,,,,,,
26045,,,,,,,,,
41134,,,,,,,,,
36444,,,,,,,,,
31703,,,,,,,,,
31702,,,,,,,,,
42729,,,,,,,,,
22879,,,,,,,,,
22877,,,,,,,,,
22222,,,,,,,,,
22221,,,,,,,,,
22220,,,,,,,,,
22219,,,,,,,,,
22218,,,,,,,,,
22217,,,,,,,,,
22216,,,,,,,,,
22215,,,,,,,,,
22214,,,,,,,,,
22213,,,,,,,,,
22212,,,,,,,,,
22211,,,,,,,,,
22210,,,,,,,,,
22209,,,,,,,,,
22208,,,,,,,,,
21589,,,,,,,,,
21588,,,,,,,,,
21587,,,,,,,,,
21586,,,,,,,,,
21585,,,,,,,,,
21584,,,,,,,,,
21583,,,,,,,,,
21582,,,,,,,,,
21581,,,,,,,,,
21580,,,,,,,,,
21579,,,,,,,,,
21578,,,,,,,,,
21577,,,,,,,,,
21576,,,,,,,,,
21575,,,,,,,,,
21574,,,,,,,,,
21573,,,,,,,,,
21572,,,,,,,,,
21571,,,,,,,,,
21570,,,,,,,,,
21569,,,,,,,,,
21568,,,,,,,,,
21567,,,,,,,,,
21566,,,,,,,,,
22876,,,,,,,,,
22875,,,,,,,,,
21888,,,,,,,,,
31378,,,,,,,,,
31377,,,,,,,,,
20559,,,,,,,,,
34250,,,,,,,,,
40877,,,,,,,,,
21878,,,,,,,,,
21269,,,,,,,,,
21268,,,,,,,,,
21267,,,,,,,,,
21266,,,,,,,,,
21265,,,,,,,,,
21264,,,,,,,,,
21263,,,,,,,,,
21262,,,,,,,,,
22256,,,,,,,,,
39838,,,,,,,,,
22251,,,,,,,,,
24741,,,,,,,,,
24740,,,,,,,,,
27521,,,,,,,,,
26694,,,,,,,,,
24563,,,,,,,,,
24562,,,,,,,,,
24561,,,,,,,,,
24560,,,,,,,,,
24559,,,,,,,,,
24558,,,,,,,,,
24557,,,,,,,,,
24556,,,,,,,,,
24555,,,,,,,,,
24554,,,,,,,,,
24553,,,,,,,,,
24552,,,,,,,,,
40560,,,,,,,,,
40559,,,,,,,,,
33576,,,,,,,,,
33575,,,,,,,,,
33574,,,,,,,,,
33573,,,,,,,,,
33726,,,,,,,,,
52958,,,,,,,,,
33719,,,,,,,,,
33718,,,,,,,,,
21233,,,,,,,,,
40204,,,,,,,,,
38803,,,,,,,,,
38802,,,,,,,,,
38801,,,,,,,,,
21223,,,,,,,,,
21222,,,,,,,,,
21221,,,,,,,,,
21220,,,,,,,,,
42724,,,,,,,,,
21219,,,,,,,,,
21218,,,,,,,,,
21217,,,,,,,,,
20637,,,,,,,,,
20636,,,,,,,,,
20635,,,,,,,,,
20634,,,,,,,,,
20633,,,,,,,,,
20632,,,,,,,,,
20631,,,,,,,,,
20630,,,,,,,,,
20629,,,,,,,,,
20628,,,,,,,,,
20627,,,,,,,,,
31701,,,,,,,,,
22870,,,,,,,,,
22869,,,,,,,,,
22868,,,,,,,,,
22867,,,,,,,,,
22863,,,,,,,,,
31584,,,,,,,,,
29574,,,,,,,,,
29573,,,,,,,,,
29571,,,,,,,,,
29565,,,,,,,,,
24727,,,,,,,,,
24726,,,,,,,,,
36710,,,,,,,,,
36709,,,,,,,,,
36708,,,,,,,,,
21551,,,,,,,,,
24725,,,,,,,,,
21215,,,,,,,,,
36707,,,,,,,,,
39882,,,,,,,,,
39881,,,,,,,,,
39834,,,,,,,,,
20610,,,,,,,,,
20603,,,,,,,,,
20602,,,,,,,,,
20601,,,,,,,,,
22226,,,,,,,,,
21214,,,,,,,,,
36431,,,,,,,,,
21213,,,,,,,,,
36432,,,,,,,,,
31583,,,,,,,,,
31582,,,,,,,,,
31581,,,,,,,,,
31580,,,,,,,,,
31579,,,,,,,,,
22861,,,,,,,,,
32843,,,,,,,,,
26035,,,,,,,,,
26034,,,,,,,,,
26033,,,,,,,,,
26032,,,,,,,,,
26031,,,,,,,,,
39850,,,,,,,,,
39849,,,,,,,,,
20583,,,,,,,,,
20582,,,,,,,,,
39363,,,,,,,,,
38703,,,,,,,,,
22228,,,,,,,,,
26883,,,,,,,,,
22227,,,,,,,,,
26882,,,,,,,,,
22225,,,,,,,,,
20560,,,,,,,,,
20558,,,,,,,,,
21548,,,,,,,,,
21547,,,,,,,,,
21546,,,,,,,,,
21545,,,,,,,,,
20557,,,,,,,,,
30946,,,,,,,,,
30945,,,,,,,,,
30944,,,,,,,,,
20549,,,,,,,,,
20548,,,,,,,,,
20547,,,,,,,,,
20546,,,,,,,,,
20545,,,,,,,,,
36425,,,,,,,,,
24708,,,,,,,,,
24707,,,,,,,,,
24706,,,,,,,,,
24705,,,,,,,,,
24704,,,,,,,,,
24703,,,,,,,,,
24702,,,,,,,,,
21554,,,,,,,,,
21553,,,,,,,,,
21552,,,,,,,,,
32829,,,,,,,,,
41351,,,,,,,,,
42232,,,,,,,,,
42231,,,,,,,,,
42230,,,,,,,,,
42229,,,,,,,,,
42228,,,,,,,,,
42227,,,,,,,,,
42226,,,,,,,,,
42225,,,,,,,,,
41599,,,,,,,,,
41598,,,,,,,,,
41597,,,,,,,,,
41596,,,,,,,,,
41595,,,,,,,,,
41594,,,,,,,,,
41593,,,,,,,,,
41592,,,,,,,,,
41591,,,,,,,,,
41590,,,,,,,,,
41589,,,,,,,,,
41588,,,,,,,,,
41587,,,,,,,,,
41586,,,,,,,,,
41585,,,,,,,,,
41584,,,,,,,,,
41583,,,,,,,,,
42635,,,,,,,,,
42634,,,,,,,,,
42633,,,,,,,,,
42632,,,,,,,,,
42631,,,,,,,,,
42630,,,,,,,,,
42629,,,,,,,,,
42628,,,,,,,,,
42627,,,,,,,,,
42626,,,,,,,,,
42625,,,,,,,,,
42624,,,,,,,,,
42623,,,,,,,,,
42622,,,,,,,,,
42621,,,,,,,,,
42620,,,,,,,,,
42619,,,,,,,,,
42618,,,,,,,,,
42617,,,,,,,,,
42616,,,,,,,,,
42615,,,,,,,,,
42614,,,,,,,,,
42613,,,,,,,,,
42612,,,,,,,,,
42611,,,,,,,,,
42610,,,,,,,,,
42609,,,,,,,,,
42178,,,,,,,,,
42177,,,,,,,,,
41367,,,,,,,,,
41968,,,,,,,,,
41967,,,,,,,,,
41966,,,,,,,,,
41965,,,,,,,,,
41964,,,,,,,,,
41963,,,,,,,,,
41962,,,,,,,,,
41961,,,,,,,,,
41960,,,,,,,,,
41959,,,,,,,,,
41958,,,,,,,,,
41957,,,,,,,,,
41956,,,,,,,,,
41955,,,,,,,,,
41954,,,,,,,,,
41953,,,,,,,,,
41366,,,,,,,,,
42723,,,,,,,,,
42722,,,,,,,,,
41298,,,,,,,,,
42717,,,,,,,,,
38796,,,,,,,,,
38795,,,,,,,,,
38794,,,,,,,,,
38793,,,,,,,,,
38792,,,,,,,,,
38791,,,,,,,,,
38790,,,,,,,,,
38789,,,,,,,,,
24287,,,,,,,,,
24286,,,,,,,,,
24285,,,,,,,,,
24284,,,,,,,,,
23281,,,,,,,,,
23280,,,,,,,,,
23279,,,,,,,,,
23278,,,,,,,,,
23277,,,,,,,,,
38788,,,,,,,,,
42388,,,,,,,,,
42387,,,,,,,,,
42386,,,,,,,,,
42385,,,,,,,,,
42384,,,,,,,,,
42013,,,,,,,,,
42012,,,,,,,,,
42011,,,,,,,,,
42010,,,,,,,,,
42009,,,,,,,,,
42008,,,,,,,,,
42007,,,,,,,,,
42006,,,,,,,,,
42580,,,,,,,,,
41555,,,,,,,,,
41554,,,,,,,,,
41553,,,,,,,,,
42167,,,,,,,,,
41806,,,,,,,,,
41805,,,,,,,,,
41804,,,,,,,,,
41803,,,,,,,,,
41802,,,,,,,,,
41801,,,,,,,,,
41800,,,,,,,,,
41799,,,,,,,,,
41798,,,,,,,,,
41797,,,,,,,,,
41796,,,,,,,,,
41795,,,,,,,,,
41794,,,,,,,,,
41793,,,,,,,,,
41792,,,,,,,,,
41791,,,,,,,,,
41790,,,,,,,,,
41789,,,,,,,,,
41788,,,,,,,,,
41787,,,,,,,,,
41786,,,,,,,,,
41785,,,,,,,,,
41784,,,,,,,,,
41783,,,,,,,,,
41782,,,,,,,,,
41781,,,,,,,,,
41780,,,,,,,,,
41779,,,,,,,,,
41778,,,,,,,,,
41777,,,,,,,,,
41776,,,,,,,,,
41775,,,,,,,,,
41774,,,,,,,,,
41773,,,,,,,,,
41772,,,,,,,,,
41771,,,,,,,,,
41769,,,,,,,,,
41768,,,,,,,,,
41767,,,,,,,,,
41766,,,,,,,,,
41765,,,,,,,,,
41764,,,,,,,,,
41763,,,,,,,,,
41581,,,,,,,,,
41580,,,,,,,,,
41579,,,,,,,,,
41578,,,,,,,,,
41577,,,,,,,,,
41576,,,,,,,,,
41575,,,,,,,,,
41574,,,,,,,,,
41573,,,,,,,,,
41571,,,,,,,,,
41570,,,,,,,,,
41569,,,,,,,,,
41568,,,,,,,,,
41567,,,,,,,,,
41566,,,,,,,,,
41565,,,,,,,,,
42457,,,,,,,,,
42456,,,,,,,,,
42455,,,,,,,,,
42454,,,,,,,,,
42453,,,,,,,,,
42452,,,,,,,,,
42451,,,,,,,,,
42450,,,,,,,,,
42449,,,,,,,,,
42448,,,,,,,,,
42447,,,,,,,,,
42446,,,,,,,,,
42445,,,,,,,,,
42444,,,,,,,,,
42443,,,,,,,,,
42442,,,,,,,,,
42441,,,,,,,,,
42440,,,,,,,,,
42439,,,,,,,,,
42438,,,,,,,,,
42437,,,,,,,,,
42436,,,,,,,,,
42435,,,,,,,,,
42434,,,,,,,,,
42433,,,,,,,,,
42432,,,,,,,,,
42431,,,,,,,,,
42430,,,,,,,,,
42429,,,,,,,,,
42428,,,,,,,,,
42427,,,,,,,,,
42426,,,,,,,,,
42196,,,,,,,,,
42195,,,,,,,,,
42194,,,,,,,,,
42193,,,,,,,,,
42783,,,,,,,,,
42782,,,,,,,,,
42781,,,,,,,,,
42780,,,,,,,,,
42779,,,,,,,,,
42778,,,,,,,,,
42777,,,,,,,,,
42776,,,,,,,,,
42775,,,,,,,,,
42774,,,,,,,,,
42773,,,,,,,,,
42772,,,,,,,,,
42771,,,,,,,,,
42770,,,,,,,,,
42769,,,,,,,,,
42768,,,,,,,,,
42767,,,,,,,,,
42766,,,,,,,,,
42765,,,,,,,,,
42764,,,,,,,,,
42763,,,,,,,,,
42762,,,,,,,,,
42761,,,,,,,,,
42760,,,,,,,,,
42759,,,,,,,,,
42758,,,,,,,,,
42757,,,,,,,,,
42756,,,,,,,,,
42755,,,,,,,,,
42754,,,,,,,,,
42753,,,,,,,,,
42752,,,,,,,,,
42751,,,,,,,,,
42750,,,,,,,,,
42749,,,,,,,,,
42748,,,,,,,,,
42747,,,,,,,,,
42746,,,,,,,,,
42745,,,,,,,,,
42744,,,,,,,,,
42743,,,,,,,,,
42742,,,,,,,,,
42741,,,,,,,,,
42740,,,,,,,,,
42739,,,,,,,,,
42738,,,,,,,,,
42737,,,,,,,,,
42736,,,,,,,,,
42735,,,,,,,,,
42734,,,,,,,,,
41311,,,,,,,,,
41310,,,,,,,,,
41309,,,,,,,,,
42184,,,,,,,,,
42183,,,,,,,,,
42182,,,,,,,,,
42181,,,,,,,,,
42180,,,,,,,,,
42224,,,,,,,,,
42223,,,,,,,,,
42222,,,,,,,,,
42221,,,,,,,,,
42220,,,,,,,,,
42219,,,,,,,,,
42218,,,,,,,,,
42217,,,,,,,,,
42216,,,,,,,,,
42215,,,,,,,,,
42214,,,,,,,,,
42213,,,,,,,,,
41323,,,,,,,,,
41322,,,,,,,,,
41321,,,,,,,,,
41320,,,,,,,,,
41319,,,,,,,,,
41318,,,,,,,,,
41317,,,,,,,,,
41316,,,,,,,,,
41315,,,,,,,,,
41314,,,,,,,,,
41313,,,,,,,,,
41268,,,,,,,,,
41267,,,,,,,,,
41265,,,,,,,,,
41264,,,,,,,,,
41263,,,,,,,,,
41262,,,,,,,,,
41261,,,,,,,,,
41260,,,,,,,,,
41258,,,,,,,,,
41257,,,,,,,,,
41256,,,,,,,,,
41255,,,,,,,,,
41254,,,,,,,,,
41253,,,,,,,,,
41252,,,,,,,,,
41251,,,,,,,,,
41250,,,,,,,,,
41249,,,,,,,,,
41248,,,,,,,,,
41247,,,,,,,,,
41246,,,,,,,,,
41245,,,,,,,,,
41244,,,,,,,,,
41243,,,,,,,,,
41242,,,,,,,,,
41241,,,,,,,,,
41240,,,,,,,,,
41239,,,,,,,,,
41238,,,,,,,,,
41237,,,,,,,,,
41236,,,,,,,,,
41235,,,,,,,,,
41234,,,,,,,,,
41233,,,,,,,,,
41232,,,,,,,,,
41231,,,,,,,,,
41230,,,,,,,,,
41229,,,,,,,,,
41228,,,,,,,,,
41227,,,,,,,,,
41226,,,,,,,,,
41225,,,,,,,,,
41224,,,,,,,,,
41223,,,,,,,,,
41761,,,,,,,,,
41760,,,,,,,,,
41759,,,,,,,,,
41758,,,,,,,,,
41757,,,,,,,,,
41756,,,,,,,,,
41755,,,,,,,,,
41754,,,,,,,,,
41753,,,,,,,,,
41752,,,,,,,,,
42677,,,,,,,,,
42676,,,,,,,,,
42675,,,,,,,,,
42674,,,,,,,,,
42673,,,,,,,,,
42672,,,,,,,,,
42671,,,,,,,,,
42670,,,,,,,,,
42669,,,,,,,,,
42668,,,,,,,,,
42667,,,,,,,,,
42666,,,,,,,,,
42665,,,,,,,,,
42664,,,,,,,,,
42663,,,,,,,,,
42662,,,,,,,,,
41696,,,,,,,,,
41695,,,,,,,,,
41694,,,,,,,,,
41693,,,,,,,,,
41751,,,,,,,,,
41750,,,,,,,,,
41749,,,,,,,,,
41748,,,,,,,,,
41481,,,,,,,,,
41480,,,,,,,,,
41479,,,,,,,,,
41478,,,,,,,,,
41477,,,,,,,,,
41475,,,,,,,,,
41474,,,,,,,,,
41473,,,,,,,,,
41472,,,,,,,,,
41471,,,,,,,,,
41365,,,,,,,,,
41364,,,,,,,,,
41363,,,,,,,,,
41362,,,,,,,,,
41361,,,,,,,,,
41360,,,,,,,,,
42338,,,,,,,,,
42337,,,,,,,,,
42336,,,,,,,,,
42335,,,,,,,,,
42334,,,,,,,,,
42333,,,,,,,,,
42332,,,,,,,,,
42331,,,,,,,,,
42330,,,,,,,,,
42329,,,,,,,,,
42328,,,,,,,,,
42327,,,,,,,,,
42326,,,,,,,,,
42325,,,,,,,,,
42324,,,,,,,,,
42323,,,,,,,,,
42322,,,,,,,,,
42321,,,,,,,,,
42320,,,,,,,,,
42319,,,,,,,,,
42318,,,,,,,,,
42317,,,,,,,,,
42316,,,,,,,,,
42315,,,,,,,,,
42314,,,,,,,,,
42313,,,,,,,,,
42312,,,,,,,,,
42311,,,,,,,,,
42310,,,,,,,,,
42309,,,,,,,,,
42308,,,,,,,,,
42307,,,,,,,,,
42306,,,,,,,,,
42305,,,,,,,,,
42304,,,,,,,,,
42303,,,,,,,,,
42302,,,,,,,,,
42301,,,,,,,,,
42300,,,,,,,,,
42299,,,,,,,,,
42298,,,,,,,,,
42297,,,,,,,,,
42296,,,,,,,,,
42295,,,,,,,,,
42294,,,,,,,,,
42293,,,,,,,,,
42292,,,,,,,,,
42291,,,,,,,,,
42290,,,,,,,,,
42289,,,,,,,,,
42288,,,,,,,,,
42287,,,,,,,,,
42286,,,,,,,,,
42285,,,,,,,,,
42284,,,,,,,,,
42283,,,,,,,,,
42282,,,,,,,,,
42281,,,,,,,,,
42280,,,,,,,,,
42279,,,,,,,,,
42278,,,,,,,,,
42277,,,,,,,,,
42276,,,,,,,,,
42275,,,,,,,,,
42274,,,,,,,,,
42273,,,,,,,,,
42272,,,,,,,,,
42271,,,,,,,,,
42270,,,,,,,,,
42269,,,,,,,,,
42268,,,,,,,,,
42267,,,,,,,,,
42266,,,,,,,,,
42265,,,,,,,,,
42264,,,,,,,,,
42263,,,,,,,,,
42262,,,,,,,,,
42261,,,,,,,,,
42260,,,,,,,,,
41810,,,,,,,,,
41809,,,,,,,,,
41808,,,,,,,,,
42205,,,,,,,,,
42204,,,,,,,,,
41389,,,,,,,,,
41388,,,,,,,,,
41387,,,,,,,,,
41385,,,,,,,,,
41384,,,,,,,,,
41383,,,,,,,,,
41382,,,,,,,,,
41381,,,,,,,,,
41380,,,,,,,,,
41379,,,,,,,,,
41378,,,,,,,,,
41377,,,,,,,,,
41376,,,,,,,,,
42688,,,,,,,,,
42687,,,,,,,,,
42686,,,,,,,,,
42685,,,,,,,,,
42684,,,,,,,,,
42025,,,,,,,,,
42024,,,,,,,,,
42023,,,,,,,,,
42022,,,,,,,,,
42021,,,,,,,,,
42020,,,,,,,,,
42019,,,,,,,,,
42018,,,,,,,,,
42017,,,,,,,,,
42016,,,,,,,,,
41334,,,,,,,,,
41333,,,,,,,,,
41332,,,,,,,,,
41330,,,,,,,,,
41724,,,,,,,,,
41723,,,,,,,,,
41722,,,,,,,,,
41721,,,,,,,,,
41719,,,,,,,,,
41717,,,,,,,,,
41716,,,,,,,,,
41855,,,,,,,,,
41854,,,,,,,,,
41853,,,,,,,,,
41852,,,,,,,,,
41851,,,,,,,,,
41850,,,,,,,,,
42518,,,,,,,,,
42517,,,,,,,,,
42516,,,,,,,,,
42515,,,,,,,,,
42514,,,,,,,,,
42513,,,,,,,,,
42512,,,,,,,,,
42511,,,,,,,,,
42510,,,,,,,,,
42509,,,,,,,,,
42508,,,,,,,,,
42507,,,,,,,,,
42506,,,,,,,,,
42505,,,,,,,,,
42504,,,,,,,,,
42503,,,,,,,,,
42502,,,,,,,,,
42501,,,,,,,,,
42500,,,,,,,,,
42499,,,,,,,,,
42498,,,,,,,,,
42497,,,,,,,,,
42496,,,,,,,,,
42495,,,,,,,,,
42494,,,,,,,,,
42493,,,,,,,,,
42492,,,,,,,,,
42491,,,,,,,,,
42490,,,,,,,,,
42489,,,,,,,,,
42488,,,,,,,,,
42487,,,,,,,,,
42486,,,,,,,,,
42485,,,,,,,,,
42484,,,,,,,,,
42483,,,,,,,,,
42482,,,,,,,,,
42481,,,,,,,,,
42480,,,,,,,,,
42479,,,,,,,,,
42478,,,,,,,,,
42477,,,,,,,,,
42476,,,,,,,,,
42475,,,,,,,,,
42462,,,,,,,,,
42461,,,,,,,,,
42550,,,,,,,,,
42549,,,,,,,,,
42548,,,,,,,,,
42547,,,,,,,,,
42546,,,,,,,,,
42545,,,,,,,,,
42544,,,,,,,,,
42543,,,,,,,,,
42542,,,,,,,,,
42541,,,,,,,,,
42540,,,,,,,,,
41450,,,,,,,,,
41449,,,,,,,,,
41448,,,,,,,,,
41447,,,,,,,,,
41446,,,,,,,,,
41445,,,,,,,,,
41444,,,,,,,,,
41443,,,,,,,,,
41442,,,,,,,,,
41441,,,,,,,,,
41440,,,,,,,,,
41439,,,,,,,,,
41438,,,,,,,,,
41437,,,,,,,,,
41436,,,,,,,,,
41435,,,,,,,,,
41434,,,,,,,,,
41433,,,,,,,,,
41432,,,,,,,,,
41431,,,,,,,,,
41430,,,,,,,,,
41429,,,,,,,,,
41428,,,,,,,,,
41427,,,,,,,,,
41426,,,,,,,,,
41425,,,,,,,,,
42045,,,,,,,,,
42044,,,,,,,,,
42043,,,,,,,,,
42042,,,,,,,,,
42041,,,,,,,,,
42040,,,,,,,,,
42038,,,,,,,,,
42037,,,,,,,,,
42036,,,,,,,,,
41652,,,,,,,,,
41651,,,,,,,,,
41650,,,,,,,,,
41649,,,,,,,,,
41648,,,,,,,,,
41647,,,,,,,,,
41646,,,,,,,,,
41645,,,,,,,,,
41644,,,,,,,,,
41643,,,,,,,,,
41642,,,,,,,,,
41641,,,,,,,,,
41640,,,,,,,,,
41639,,,,,,,,,
41638,,,,,,,,,
41637,,,,,,,,,
41424,,,,,,,,,
41423,,,,,,,,,
41422,,,,,,,,,
41421,,,,,,,,,
41420,,,,,,,,,
41419,,,,,,,,,
41418,,,,,,,,,
42141,,,,,,,,,
42140,,,,,,,,,
42139,,,,,,,,,
41913,,,,,,,,,
41912,,,,,,,,,
41911,,,,,,,,,
41910,,,,,,,,,
41909,,,,,,,,,
41908,,,,,,,,,
41907,,,,,,,,,
41906,,,,,,,,,
41905,,,,,,,,,
41904,,,,,,,,,
41903,,,,,,,,,
41902,,,,,,,,,
41901,,,,,,,,,
41900,,,,,,,,,
41713,,,,,,,,,
41712,,,,,,,,,
41711,,,,,,,,,
41710,,,,,,,,,
41709,,,,,,,,,
41708,,,,,,,,,
41707,,,,,,,,,
41706,,,,,,,,,
41705,,,,,,,,,
41704,,,,,,,,,
41702,,,,,,,,,
41978,,,,,,,,,
41977,,,,,,,,,
41976,,,,,,,,,
42113,,,,,,,,,
42112,,,,,,,,,
42111,,,,,,,,,
42110,,,,,,,,,
42109,,,,,,,,,
41417,,,,,,,,,
41415,,,,,,,,,
41414,,,,,,,,,
41413,,,,,,,,,
41412,,,,,,,,,
41411,,,,,,,,,
41410,,,,,,,,,
41409,,,,,,,,,
41408,,,,,,,,,
41407,,,,,,,,,
41406,,,,,,,,,
41405,,,,,,,,,
41404,,,,,,,,,
41403,,,,,,,,,
42604,,,,,,,,,
42603,,,,,,,,,
42602,,,,,,,,,
42601,,,,,,,,,
42600,,,,,,,,,
42599,,,,,,,,,
42172,,,,,,,,,
42171,,,,,,,,,
42573,,,,,,,,,
42572,,,,,,,,,
42571,,,,,,,,,
42570,,,,,,,,,
42569,,,,,,,,,
42568,,,,,,,,,
42567,,,,,,,,,
42566,,,,,,,,,
42565,,,,,,,,,
42564,,,,,,,,,
42563,,,,,,,,,
41813,,,,,,,,,
41849,,,,,,,,,
41848,,,,,,,,,
41847,,,,,,,,,
41846,,,,,,,,,
42136,,,,,,,,,
42135,,,,,,,,,
41927,,,,,,,,,
41926,,,,,,,,,
41925,,,,,,,,,
41924,,,,,,,,,
41923,,,,,,,,,
41922,,,,,,,,,
41921,,,,,,,,,
42415,,,,,,,,,
42414,,,,,,,,,
41349,,,,,,,,,
41348,,,,,,,,,
41347,,,,,,,,,
41346,,,,,,,,,
41345,,,,,,,,,
41344,,,,,,,,,
41343,,,,,,,,,
41342,,,,,,,,,
41341,,,,,,,,,
41340,,,,,,,,,
41762,,,,,,,,,
41942,,,,,,,,,
41895,,,,,,,,,
42579,,,,,,,,,
42578,,,,,,,,,
42577,,,,,,,,,
38805,,,,,,,,,
42538,,,,,,,,,
42537,,,,,,,,,
42536,,,,,,,,,
42535,,,,,,,,,
41521,,,,,,,,,
41520,,,,,,,,,
41519,,,,,,,,,
41518,,,,,,,,,
41517,,,,,,,,,
52962,,,,,,,,,
41974,,,,,,,,,
42701,,,,,,,,,
42700,,,,,,,,,
42699,,,,,,,,,
24930,,,,,,,,,
24929,,,,,,,,,
42698,,,,,,,,,
82031,,,,,,,,,
82030,,,,,,,,,
82029,,,,,,,,,
82028,,,,,,,,,
82027,,,,,,,,,
82026,,,,,,,,,
42078,,,,,,,,,
42077,,,,,,,,,
42076,,,,,,,,,
42075,,,,,,,,,
42212,,,,,,,,,
42211,,,,,,,,,
52587,,,,,,,,,
42210,,,,,,,,,
52943,,,,,,,,,
52942,,,,,,,,,
52941,,,,,,,,,
52940,,,,,,,,,
52939,,,,,,,,,
52938,,,,,,,,,
41548,,,,,,,,,
41547,,,,,,,,,
41546,,,,,,,,,
41545,,,,,,,,,
41544,,,,,,,,,
41543,,,,,,,,,
42359,,,,,,,,,
41542,,,,,,,,,
42165,,,,,,,,,
52837,,,,,,,,,
42164,,,,,,,,,
42163,,,,,,,,,
42162,,,,,,,,,
42161,,,,,,,,,
41562,,,,,,,,,
41561,,,,,,,,,
41560,,,,,,,,,
41559,,,,,,,,,
41558,,,,,,,,,
41557,,,,,,,,,
42106,,,,,,,,,
42105,,,,,,,,,
42104,,,,,,,,,
42103,,,,,,,,,
42102,,,,,,,,,
42101,,,,,,,,,
42100,,,,,,,,,
42099,,,,,,,,,
42098,,,,,,,,,
42097,,,,,,,,,
42096,,,,,,,,,
42095,,,,,,,,,
42094,,,,,,,,,
42093,,,,,,,,,
42092,,,,,,,,,
42091,,,,,,,,,
42090,,,,,,,,,
42375,,,,,,,,,
42374,,,,,,,,,
42373,,,,,,,,,
81996,,,,,,,,,
52961,,,,,,,,,
52960,,,,,,,,,
42152,,,,,,,,,
42151,,,,,,,,,
42150,,,,,,,,,
42149,,,,,,,,,
42148,,,,,,,,,
42147,,,,,,,,,
42146,,,,,,,,,
42145,,,,,,,,,
42144,,,,,,,,,
42143,,,,,,,,,
41742,,,,,,,,,
41741,,,,,,,,,
41740,,,,,,,,,
41739,,,,,,,,,
41738,,,,,,,,,
41737,,,,,,,,,
41736,,,,,,,,,
41735,,,,,,,,,
41734,,,,,,,,,
41733,,,,,,,,,
41732,,,,,,,,,
41731,,,,,,,,,
42052,,,,,,,,,
42051,,,,,,,,,
42050,,,,,,,,,
41997,,,,,,,,,
42048,,,,,,,,,
42046,,,,,,,,,
41219,,,,,,,,,
41218,,,,,,,,,
41217,,,,,,,,,
41216,,,,,,,,,
41215,,,,,,,,,
41214,,,,,,,,,
41213,,,,,,,,,
41212,,,,,,,,,
41211,,,,,,,,,
41210,,,,,,,,,
41209,,,,,,,,,
41208,,,,,,,,,
37563,,,,,,,,,
37562,,,,,,,,,
37561,,,,,,,,,
37560,,,,,,,,,
37559,,,,,,,,,
37558,,,,,,,,,
37557,,,,,,,,,
37556,,,,,,,,,
37555,,,,,,,,,
37554,,,,,,,,,
37553,,,,,,,,,
37552,,,,,,,,,
37551,,,,,,,,,
37550,,,,,,,,,
37549,,,,,,,,,
37548,,,,,,,,,
37547,,,,,,,,,
37546,,,,,,,,,
37545,,,,,,,,,
41207,,,,,,,,,
42066,,,,,,,,,
42065,,,,,,,,,
42064,,,,,,,,,
42063,,,,,,,,,
41291,,,,,,,,,
42358,,,,,,,,,
42357,,,,,,,,,
42356,,,,,,,,,
42355,,,,,,,,,
42354,,,,,,,,,
42353,,,,,,,,,
42352,,,,,,,,,
42351,,,,,,,,,
42350,,,,,,,,,
52601,,,,,,,,,
42349,,,,,,,,,
42348,,,,,,,,,
42347,,,,,,,,,
42346,,,,,,,,,
27557,,,,,,,,,
42425,,,,,,,,,
42424,,,,,,,,,
42409,,,,,,,,,
42408,,,,,,,,,
42407,,,,,,,,,
41871,,,,,,,,,
41869,,,,,,,,,
27593,,,,,,,,,
27592,,,,,,,,,
41699,,,,,,,,,
41864,,,,,,,,,
41863,,,,,,,,,
41862,,,,,,,,,
41861,,,,,,,,,
41860,,,,,,,,,
41625,,,,,,,,,
42730,,,,,,,,,
42247,,,,,,,,,
42246,,,,,,,,,
42245,,,,,,,,,
42244,,,,,,,,,
42242,,,,,,,,,
42241,,,,,,,,,
42694,,,,,,,,,
42693,,,,,,,,,
41483,,,,,,,,,
41499,,,,,,,,,
41498,,,,,,,,,
41497,,,,,,,,,
41496,,,,,,,,,
41495,,,,,,,,,
41494,,,,,,,,,
33053,,,,,,,,,
33052,,,,,,,,,
33051,,,,,,,,,
33050,,,,,,,,,
33049,,,,,,,,,
33048,,,,,,,,,
33047,,,,,,,,,
33046,,,,,,,,,
33045,,,,,,,,,
33044,,,,,,,,,
33043,,,,,,,,,
42793,,,,,,,,,
42792,,,,,,,,,
42791,,,,,,,,,
42790,,,,,,,,,
42789,,,,,,,,,
42788,,,,,,,,,
42787,,,,,,,,,
42786,,,,,,,,,
42525,,,,,,,,,
41689,,,,,,,,,
41688,,,,,,,,,
41687,,,,,,,,,
41686,,,,,,,,,
41685,,,,,,,,,
41684,,,,,,,,,
41683,,,,,,,,,
41996,,,,,,,,,
41995,,,,,,,,,
41469,,,,,,,,,
41468,,,,,,,,,
41467,,,,,,,,,
41466,,,,,,,,,
40194,,,,,,,,,
41465,,,,,,,,,
41835,,,,,,,,,
41834,,,,,,,,,
42524,,,,,,,,,
42201,,,,,,,,,
42200,,,,,,,,,
42199,,,,,,,,,
41984,,,,,,,,,
41662,,,,,,,,,
41661,,,,,,,,,
41660,,,,,,,,,
41659,,,,,,,,,
41658,,,,,,,,,
38836,,,,,,,,,
52645,,,,,,,,,
52640,,,,,,,,,
41657,,,,,,,,,
41656,,,,,,,,,
41655,,,,,,,,,
41654,,,,,,,,,
41653,,,,,,,,,
41489,,,,,,,,,
41503,,,,,,,,,
41502,,,,,,,,,
41501,,,,,,,,,
41827,,,,,,,,,
41826,,,,,,,,,
32986,,,,,,,,,
41825,,,,,,,,,
41824,,,,,,,,,
41823,,,,,,,,,
41822,,,,,,,,,
42072,,,,,,,,,
42129,,,,,,,,,
32985,,,,,,,,,
32984,,,,,,,,,
32983,,,,,,,,,
39529,,,,,,,,,
32399,,,,,,,,,
32398,,,,,,,,,
32397,,,,,,,,,
40163,,,,,,,,,
40162,,,,,,,,,
40161,,,,,,,,,
32395,,,,,,,,,
40221,,,,,,,,,
40220,,,,,,,,,
40210,,,,,,,,,
40208,,,,,,,,,
40206,,,,,,,,,
40209,,,,,,,,,
40205,,,,,,,,,
40195,,,,,,,,,
40193,,,,,,,,,
40189,,,,,,,,,
40188,,,,,,,,,
23223,,,,,,,,,
23222,,,,,,,,,
33555,,,,,,,,,
33554,,,,,,,,,
27251,,,,,,,,,
27250,,,,,,,,,
27249,,,,,,,,,
27248,,,,,,,,,
27247,,,,,,,,,
27246,,,,,,,,,
27245,,,,,,,,,
27244,,,,,,,,,
27243,,,,,,,,,
27242,,,,,,,,,
27241,,,,,,,,,
27240,,,,,,,,,
27239,,,,,,,,,
27238,,,,,,,,,
27237,,,,,,,,,
27236,,,,,,,,,
52807,,,,,,,,,
40187,,,,,,,,,
40179,,,,,,,,,
40170,,,,,,,,,
40169,,,,,,,,,
40160,,,,,,,,,
39537,,,,,,,,,
38884,,,,,,,,,
38882,,,,,,,,,
38875,,,,,,,,,
38874,,,,,,,,,
38873,,,,,,,,,
38872,,,,,,,,,
38871,,,,,,,,,
38870,,,,,,,,,
38869,,,,,,,,,
38868,,,,,,,,,
38867,,,,,,,,,
38866,,,,,,,,,
38865,,,,,,,,,
38864,,,,,,,,,
38863,,,,,,,,,
38862,,,,,,,,,
38861,,,,,,,,,
38860,,,,,,,,,
38859,,,,,,,,,
38858,,,,,,,,,
38857,,,,,,,,,
38856,,,,,,,,,
23268,,,,,,,,,
23267,,,,,,,,,
38824,,,,,,,,,
38210,,,,,,,,,
38209,,,,,,,,,
38208,,,,,,,,,
38207,,,,,,,,,
38206,,,,,,,,,
38205,,,,,,,,,
38204,,,,,,,,,
38203,,,,,,,,,
38202,,,,,,,,,
38201,,,,,,,,,
38200,,,,,,,,,
38199,,,,,,,,,
38198,,,,,,,,,
38197,,,,,,,,,
38196,,,,,,,,,
38195,,,,,,,,,
38823,,,,,,,,,
23228,,,,,,,,,
23227,,,,,,,,,
39530,,,,,,,,,
27572,,,,,,,,,
38816,,,,,,,,,
38815,,,,,,,,,
38814,,,,,,,,,
38813,,,,,,,,,
23256,,,,,,,,,
38806,,,,,,,,,
82261,,,,,,,,,
82260,,,,,,,,,
82259,,,,,,,,,
82258,,,,,,,,,
82257,,,,,,,,,
82256,,,,,,,,,
82255,,,,,,,,,
82254,,,,,,,,,
82253,,,,,,,,,
82252,,,,,,,,,
82251,,,,,,,,,
82250,,,,,,,,,
82249,,,,,,,,,
82248,,,,,,,,,
82247,,,,,,,,,
82246,,,,,,,,,
82245,,,,,,,,,
82244,,,,,,,,,
82243,,,,,,,,,
82242,,,,,,,,,
38230,,,,,,,,,
38229,,,,,,,,,
38228,,,,,,,,,
38227,,,,,,,,,
38226,,,,,,,,,
38225,,,,,,,,,
38224,,,,,,,,,
38223,,,,,,,,,
38222,,,,,,,,,
38221,,,,,,,,,
38220,,,,,,,,,
38219,,,,,,,,,
38218,,,,,,,,,
38217,,,,,,,,,
38216,,,,,,,,,
38215,,,,,,,,,
38214,,,,,,,,,
38213,,,,,,,,,
38212,,,,,,,,,
23276,,,,,,,,,
38193,,,,,,,,,
38787,,,,,,,,,
23266,,,,,,,,,
23261,,,,,,,,,
23260,,,,,,,,,
23259,,,,,,,,,
32889,,,,,,,,,
23258,,,,,,,,,
23257,,,,,,,,,
23255,,,,,,,,,
23254,,,,,,,,,
23253,,,,,,,,,
23252,,,,,,,,,
36927,,,,,,,,,
36926,,,,,,,,,
28106,,,,,,,,,
28105,,,,,,,,,
28104,,,,,,,,,
28103,,,,,,,,,
28101,,,,,,,,,
28100,,,,,,,,,
23235,,,,,,,,,
36922,,,,,,,,,
23233,,,,,,,,,
23230,,,,,,,,,
23229,,,,,,,,,
23226,,,,,,,,,
28069,,,,,,,,,
28068,,,,,,,,,
30934,,,,,,,,,
28066,,,,,,,,,
27599,,,,,,,,,
36914,,,,,,,,,
36913,,,,,,,,,
36912,,,,,,,,,
36911,,,,,,,,,
33585,,,,,,,,,
33584,,,,,,,,,
33583,,,,,,,,,
33582,,,,,,,,,
33572,,,,,,,,,
33571,,,,,,,,,
33570,,,,,,,,,
24922,,,,,,,,,
27586,,,,,,,,,
32890,,,,,,,,,
27585,,,,,,,,,
27584,,,,,,,,,
32974,,,,,,,,,
32973,,,,,,,,,
28061,,,,,,,,,
28062,,,,,,,,,
27583,,,,,,,,,
28060,,,,,,,,,
27575,,,,,,,,,
27574,,,,,,,,,
27573,,,,,,,,,
27235,,,,,,,,,
27564,,,,,,,,,
27563,,,,,,,,,
27562,,,,,,,,,
27561,,,,,,,,,
27560,,,,,,,,,
27559,,,,,,,,,
27556,,,,,,,,,
32975,,,,,,,,,
33551,,,,,,,,,
52628,,,,,,,,,
52603,,,,,,,,,
52618,,,,,,,,,
52621,,,,,,,,,
52590,,,,,,,,,
52656,,,,,,,,,
52663,,,,,,,,,
52624,,,,,,,,,
52659,,,,,,,,,
52651,,,,,,,,,
52623,,,,,,,,,
52661,,,,,,,,,
52646,,,,,,,,,
52597,,,,,,,,,
52630,,,,,,,,,
52648,,,,,,,,,
52596,,,,,,,,,
52653,,,,,,,,,
52612,,,,,,,,,
52637,,,,,,,,,
52639,,,,,,,,,
52616,,,,,,,,,
52594,,,,,,,,,
52593,,,,,,,,,
52586,,,,,,,,,
52633,,,,,,,,,
52655,,,,,,,,,
52589,,,,,,,,,
52588,,,,,,,,,
52627,,,,,,,,,
52602,,,,,,,,,
52584,,,,,,,,,
52609,,,,,,,,,
52629,,,,,,,,,
52631,,,,,,,,,
52592,,,,,,,,,
52658,,,,,,,,,
52614,,,,,,,,,
52611,,,,,,,,,
52620,,,,,,,,,
52583,,,,,,,,,
52664,,,,,,,,,
52617,,,,,,,,,
52606,,,,,,,,,
52650,,,,,,,,,
52662,,,,,,,,,
52641,,,,,,,,,
52613,,,,,,,,,
52582,,,,,,,,,
52636,,,,,,,,,
52652,,,,,,,,,
27549,,,,,,,,,
27548,,,,,,,,,
27547,,,,,,,,,
27546,,,,,,,,,
27545,,,,,,,,,
27544,,,,,,,,,
27543,,,,,,,,,
27542,,,,,,,,,
27541,,,,,,,,,
27540,,,,,,,,,
27539,,,,,,,,,
26060,,,,,,,,,
26059,,,,,,,,,
33537,,,,,,,,,
33536,,,,,,,,,
33535,,,,,,,,,
26058,,,,,,,,,
26057,,,,,,,,,
25583,,,,,,,,,
25582,,,,,,,,,
25581,,,,,,,,,
25580,,,,,,,,,
25579,,,,,,,,,
25578,,,,,,,,,
25577,,,,,,,,,
25576,,,,,,,,,
25575,,,,,,,,,
25574,,,,,,,,,
25573,,,,,,,,,
25572,,,,,,,,,
25571,,,,,,,,,
25570,,,,,,,,,
33534,,,,,,,,,
33533,,,,,,,,,
33532,,,,,,,,,
33531,,,,,,,,,
33530,,,,,,,,,
33529,,,,,,,,,
33528,,,,,,,,,
33527,,,,,,,,,
33526,,,,,,,,,
33525,,,,,,,,,
33524,,,,,,,,,
33523,,,,,,,,,
33522,,,,,,,,,
33521,,,,,,,,,
33520,,,,,,,,,
33519,,,,,,,,,
33518,,,,,,,,,
24931,,,,,,,,,
24923,,,,,,,,,
32879,,,,,,,,,
32878,,,,,,,,,
32976,,,,,,,,,
32972,,,,,,,,,
32971,,,,,,,,,
32876,,,,,,,,,
30941,,,,,,,,,
30940,,,,,,,,,
30939,,,,,,,,,
30933,,,,,,,,,
30932,,,,,,,,,
82520,,,,,,,,,
82439,,,,,,,,,
52937,,,,,,,,,
52936,,,,,,,,,
52935,,,,,,,,,
82438,,,,,,,,,
82343,,,,,,,,,
82342,,,,,,,,,
82341,,,,,,,,,
82340,,,,,,,,,
82339,,,,,,,,,
82338,,,,,,,,,
82337,,,,,,,,,
82336,,,,,,,,,
82335,,,,,,,,,
82334,,,,,,,,,
82333,,,,,,,,,
82332,,,,,,,,,
82331,,,,,,,,,
82330,,,,,,,,,
81995,,,,,,,,,
81994,,,,,,,,,
81993,,,,,,,,,
81992,,,,,,,,,
81991,,,,,,,,,
81990,,,,,,,,,
81989,,,,,,,,,
81988,,,,,,,,,
81987,,,,,,,,,
52775,,,,,,,,,
52774,,,,,,,,,
52773,,,,,,,,,
52772,,,,,,,,,
52771,,,,,,,,,
52770,,,,,,,,,
52769,,,,,,,,,
52768,,,,,,,,,
52767,,,,,,,,,
52766,,,,,,,,,
52765,,,,,,,,,
82292,,,,,,,,,
82291,,,,,,,,,
82290,,,,,,,,,
82289,,,,,,,,,
82288,,,,,,,,,
82147,,,,,,,,,
82146,,,,,,,,,
82145,,,,,,,,,
82144,,,,,,,,,
82143,,,,,,,,,
82142,,,,,,,,,
82141,,,,,,,,,
82140,,,,,,,,,
82139,,,,,,,,,
81818,,,,,,,,,
81817,,,,,,,,,
81816,,,,,,,,,
81815,,,,,,,,,
81814,,,,,,,,,
81813,,,,,,,,,
81812,,,,,,,,,
81811,,,,,,,,,
81810,,,,,,,,,
81809,,,,,,,,,
81808,,,,,,,,,
82138,,,,,,,,,
82081,,,,,,,,,
82079,,,,,,,,,
82077,,,,,,,,,
82025,,,,,,,,,
82024,,,,,,,,,
81743,,,,,,,,,
81999,,,,,,,,,
81998,,,,,,,,,
81997,,,,,,,,,
81957,,,,,,,,,
81956,,,,,,,,,
81955,,,,,,,,,
81954,,,,,,,,,
81953,,,,,,,,,
81952,,,,,,,,,
81951,,,,,,,,,
81950,,,,,,,,,
81949,,,,,,,,,
81948,,,,,,,,,
81947,,,,,,,,,
81946,,,,,,,,,
81945,,,,,,,,,
81944,,,,,,,,,
81943,,,,,,,,,
81942,,,,,,,,,
81941,,,,,,,,,
81940,,,,,,,,,
81939,,,,,,,,,
81938,,,,,,,,,
81937,,,,,,,,,
81936,,,,,,,,,
81935,,,,,,,,,
81933,,,,,,,,,
81854,,,,,,,,,
81853,,,,,,,,,
81852,,,,,,,,,
81807,,,,,,,,,
81806,,,,,,,,,
81763,,,,,,,,,
81746,,,,,,,,,
81745,,,,,,,,,
81744,,,,,,,,,
52711,,,,,,,,,
52944,,,,,,,,,
52907,,,,,,,,,
52889,,,,,,,,,
52888,,,,,,,,,
52887,,,,,,,,,
52886,,,,,,,,,
52885,,,,,,,,,
52876,,,,,,,,,
52875,,,,,,,,,
52874,,,,,,,,,
52873,,,,,,,,,
52872,,,,,,,,,
52871,,,,,,,,,
52870,,,,,,,,,
52869,,,,,,,,,
52868,,,,,,,,,
52867,,,,,,,,,
52866,,,,,,,,,
52865,,,,,,,,,
52864,,,,,,,,,
52863,,,,,,,,,
52862,,,,,,,,,
52861,,,,,,,,,
52860,,,,,,,,,
52859,,,,,,,,,
52842,,,,,,,,,
52841,,,,,,,,,
52840,,,,,,,,,
52839,,,,,,,,,
52838,,,,,,,,,
52808,,,,,,,,,
52738,,,,,,,,,
52737,,,,,,,,,
52677,,,,,,,,,
52622,,,,,,,,,
52608,,,,,,,,,
52607,,,,,,,,,
52669,,,,,,,,,
52657,,,,,,,,,
52687,,,,,,,,,
52644,,,,,,,,,
52604,,,,,,,,,
52600,,,,,,,,,
52697,,,,,,,,,
52550,,,,,,,,,
52599,,,,,,,,,
52679,,,,,,,,,
52553,,,,,,,,,
52665,,,,,,,,,
52688,,,,,,,,,
52691,,,,,,,,,
52692,,,,,,,,,
52689,,,,,,,,,
52654,,,,,,,,,
52702,,,,,,,,,
52715,,,,,,,,,
52558,,,,,,,,,
52634,,,,,,,,,
52642,,,,,,,,,
52712,,,,,,,,,
52585,,,,,,,,,
52635,,,,,,,,,
52710,,,,,,,,,
52598,,,,,,,,,
52693,,,,,,,,,
52719,,,,,,,,,
52565,,,,,,,,,
52569,,,,,,,,,
52554,,,,,,,,,
52718,,,,,,,,,
52548,,,,,,,,,
52703,,,,,,,,,
52699,,,,,,,,,
52581,,,,,,,,,
52698,,,,,,,,,
52546,,,,,,,,,
52563,,,,,,,,,
52717,,,,,,,,,
52579,,,,,,,,,
52707,,,,,,,,,
52686,,,,,,,,,
52556,,,,,,,,,
52649,,,,,,,,,
52552,,,,,,,,,
52544,,,,,,,,,
52551,,,,,,,,,
52591,,,,,,,,,
52678,,,,,,,,,
52545,,,,,,,,,
52543,,,,,,,,,
